tag,fault,n,recovery_rate,mttr_median_s,mttr_q1_s,mttr_q3_s,sum_v_mean,return_mean,actions_per_episode,wasted_action_rate,frr,schedule_sha256,data_origin
k8s_default,F1,6,0.0,360.0,360.0,360.0,6.982,-6.982,0.0,0.0,,ac886196cd35ba3b,SYNTHETIC_TOY_SIMULATOR
k8s_default,F2,6,0.0,360.0,360.0,360.0,4.31,-4.31,0.0,0.0,,ac886196cd35ba3b,SYNTHETIC_TOY_SIMULATOR
k8s_default,F3,6,0.0,360.0,360.0,360.0,19.0,-19.0,0.0,0.0,,ac886196cd35ba3b,SYNTHETIC_TOY_SIMULATOR
k8s_default,F4,6,0.0,360.0,360.0,360.0,13.704,-13.704,0.0,0.0,,ac886196cd35ba3b,SYNTHETIC_TOY_SIMULATOR
k8s_default,NULL,6,,,,,0.004,-0.004,0.0,0.0,0.0,ac886196cd35ba3b,SYNTHETIC_TOY_SIMULATOR
k8s_default,ALL_FAULTS,24,0.0,360.0,360.0,360.0,10.999,-10.999,0.0,0.0,,ac886196cd35ba3b,SYNTHETIC_TOY_SIMULATOR
k8s_hpa,F1,6,0.0,360.0,360.0,360.0,6.985,-6.985,0.0,0.0,,ac886196cd35ba3b,SYNTHETIC_TOY_SIMULATOR
k8s_hpa,F2,6,0.0,360.0,360.0,360.0,2.091,-2.304,0.0,0.0,,ac886196cd35ba3b,SYNTHETIC_TOY_SIMULATOR
k8s_hpa,F3,6,0.0,360.0,360.0,360.0,19.0,-19.0,0.0,0.0,,ac886196cd35ba3b,SYNTHETIC_TOY_SIMULATOR
k8s_hpa,F4,6,1.0,60.0,60.0,75.0,2.362,-2.458,0.0,0.0,,ac886196cd35ba3b,SYNTHETIC_TOY_SIMULATOR
k8s_hpa,NULL,6,,,,,0.0,0.0,0.0,0.0,0.0,ac886196cd35ba3b,SYNTHETIC_TOY_SIMULATOR
k8s_hpa,ALL_FAULTS,24,0.25,360.0,290.0,360.0,7.61,-7.687,0.0,0.0,,ac886196cd35ba3b,SYNTHETIC_TOY_SIMULATOR
runbook,F1,6,1.0,80.0,65.0,80.0,1.313,-1.353,1.0,0.0,,ac886196cd35ba3b,SYNTHETIC_TOY_SIMULATOR
runbook,F2,6,1.0,60.0,60.0,60.0,0.648,-0.688,1.0,0.0,,ac886196cd35ba3b,SYNTHETIC_TOY_SIMULATOR
runbook,F3,6,1.0,40.0,40.0,40.0,2.167,-2.207,1.0,0.0,,ac886196cd35ba3b,SYNTHETIC_TOY_SIMULATOR
runbook,F4,6,1.0,70.0,60.0,80.0,2.224,-2.407,2.0,0.0,,ac886196cd35ba3b,SYNTHETIC_TOY_SIMULATOR
runbook,NULL,6,,,,,0.052,-0.052,0.0,0.0,0.0,ac886196cd35ba3b,SYNTHETIC_TOY_SIMULATOR
runbook,ALL_FAULTS,24,1.0,60.0,55.0,80.0,1.588,-1.664,1.25,0.0,,ac886196cd35ba3b,SYNTHETIC_TOY_SIMULATOR
sac_uniform_s0,F1,6,1.0,60.0,45.0,90.0,1.242,-1.63,7.0,0.714,,ac886196cd35ba3b,SYNTHETIC_TOY_SIMULATOR
sac_uniform_s0,F2,6,0.833,60.0,45.0,75.0,1.419,-1.941,9.33,0.893,,ac886196cd35ba3b,SYNTHETIC_TOY_SIMULATOR
sac_uniform_s0,F3,6,1.0,50.0,40.0,60.0,2.5,-2.809,6.0,0.722,,ac886196cd35ba3b,SYNTHETIC_TOY_SIMULATOR
sac_uniform_s0,F4,6,1.0,20.0,20.0,35.0,0.571,-0.908,5.67,0.794,,ac886196cd35ba3b,SYNTHETIC_TOY_SIMULATOR
sac_uniform_s0,NULL,6,,,,,0.0,-0.39,8.0,1.0,1.0,ac886196cd35ba3b,SYNTHETIC_TOY_SIMULATOR
sac_uniform_s0,ALL_FAULTS,24,0.958,50.0,40.0,60.0,1.433,-1.822,7.0,0.792,,ac886196cd35ba3b,SYNTHETIC_TOY_SIMULATOR
sac_per_s0,F1,6,1.0,50.0,40.0,60.0,1.028,-1.346,7.17,0.698,,ac886196cd35ba3b,SYNTHETIC_TOY_SIMULATOR
sac_per_s0,F2,6,0.833,70.0,45.0,260.0,1.035,-1.665,10.33,0.903,,ac886196cd35ba3b,SYNTHETIC_TOY_SIMULATOR
sac_per_s0,F3,6,1.0,60.0,45.0,60.0,2.667,-3.018,7.5,0.689,,ac886196cd35ba3b,SYNTHETIC_TOY_SIMULATOR
sac_per_s0,F4,6,1.0,30.0,20.0,55.0,0.981,-1.285,5.5,0.727,,ac886196cd35ba3b,SYNTHETIC_TOY_SIMULATOR
sac_per_s0,NULL,6,,,,,0.038,-0.471,8.5,1.0,1.0,ac886196cd35ba3b,SYNTHETIC_TOY_SIMULATOR
sac_per_s0,ALL_FAULTS,24,0.958,60.0,40.0,60.0,1.428,-1.828,7.62,0.77,,ac886196cd35ba3b,SYNTHETIC_TOY_SIMULATOR
