episode,fault,target,severity,return,recovered,mttr_s,n_actions,false_remediation,sum_v,ticks,stale_ticks,alpha,entropy,q_mean,loss_q,frac_single_valid,beta,max_priority,grad_step,data_origin
1,F3,currencyservice,,-20.08,0,,20,0,19.0,24,0,0.09527,0.6884,-0.8521,0.35912,0.141,0.4838,1.001,2096,SYNTHETIC_TOY_SIMULATOR
2,F4,frontend,3.0,-19.0474,0,,15,0,18.2049,21,0,0.09646,0.7851,-0.7571,0.33519,0.062,0.4872,1.001,2180,SYNTHETIC_TOY_SIMULATOR
3,F4,frontend,3.0,-18.7128,0,,21,0,17.8253,22,0,0.09693,0.9714,-1.0393,0.27545,0.141,0.4907,1.001,2268,SYNTHETIC_TOY_SIMULATOR
4,F4,frontend,3.0,-17.3634,0,,16,0,16.6584,22,0,0.09714,0.8847,-0.9304,0.33557,0.055,0.4942,1.001,2356,SYNTHETIC_TOY_SIMULATOR
5,F4,frontend,3.0,-2.46,1,40,6,0,2.0,9,0,0.09761,0.7105,-1.0614,0.36363,0.055,0.4957,1.001,2392,SYNTHETIC_TOY_SIMULATOR
6,F4,frontend,3.0,-13.0367,1,280,19,0,12.3667,20,0,0.09924,0.8718,-1.1208,0.13877,0.102,0.4989,1.001,2472,SYNTHETIC_TOY_SIMULATOR
7,NULL,,,-0.3,0,,4,1,0.0,10,0,0.10022,0.6555,-1.2168,0.43939,0.094,0.5005,1.001,2512,SYNTHETIC_TOY_SIMULATOR
8,F1,productcatalogservice,1s,-3.2364,1,100,8,0,2.7639,12,0,0.10148,0.819,-1.0586,0.33248,0.07,0.5024,1.001,2560,SYNTHETIC_TOY_SIMULATOR
9,F1,productcatalogservice,300ms,-1.828,1,160,13,0,1.153,14,0,0.10266,0.9019,-1.1253,0.28882,0.078,0.5046,1.001,2616,SYNTHETIC_TOY_SIMULATOR
10,F3,cartservice,,-4.315,1,80,6,0,4.0,9,0,0.10379,0.7361,-1.283,0.36009,0.141,0.5061,1.001,2652,SYNTHETIC_TOY_SIMULATOR
11,F3,cartservice,,-16.02,1,300,15,0,15.0,20,0,0.10623,0.7121,-1.1502,0.16506,0.094,0.5093,1.001,2732,SYNTHETIC_TOY_SIMULATOR
12,F4,frontend,3.0,-0.2875,1,20,4,0,0.0,6,0,0.10733,0.5344,-1.3987,0.36511,0.094,0.5102,1.001,2756,SYNTHETIC_TOY_SIMULATOR
13,F3,currencyservice,,-11.8075,1,220,10,0,11.0,18,0,0.10914,0.9393,-1.3176,0.28917,0.062,0.5131,1.001,2828,SYNTHETIC_TOY_SIMULATOR
14,F3,cartservice,,-4.5475,1,80,7,0,4.0,12,0,0.1096,1.0269,-1.3224,0.28367,0.055,0.515,1.001,2876,SYNTHETIC_TOY_SIMULATOR
15,F4,frontend,3.0,-0.6072,1,40,5,0,0.2547,8,0,0.10942,1.0413,-1.3132,0.30482,0.094,0.5163,1.001,2908,SYNTHETIC_TOY_SIMULATOR
16,F3,currencyservice,,-19.7375,0,,9,0,19.0,23,0,0.10784,1.0547,-1.3483,0.4172,0.102,0.52,1.001,3000,SYNTHETIC_TOY_SIMULATOR
17,F3,currencyservice,,-3.4775,1,60,9,0,3.0,11,0,0.10749,0.954,-1.3363,0.18125,0.102,0.5218,1.001,3044,SYNTHETIC_TOY_SIMULATOR
18,F2,currencyservice,2,-5.8949,0,,14,0,5.3299,21,1,0.1075,0.9085,-1.4359,0.22354,0.133,0.5251,1.001,3128,SYNTHETIC_TOY_SIMULATOR
19,F4,frontend,3.0,-2.1528,1,40,3,0,1.9053,7,1,0.10737,1.0359,-1.2958,0.38557,0.094,0.5262,1.001,3156,SYNTHETIC_TOY_SIMULATOR
20,F4,frontend,2.5,-1.8162,1,40,7,0,1.3962,9,0,0.10722,1.0039,-1.3772,0.32365,0.07,0.5277,1.001,3192,SYNTHETIC_TOY_SIMULATOR
21,F2,currencyservice,2,-3.8735,1,280,9,0,3.446,19,0,0.1073,0.9758,-1.4524,0.29595,0.125,0.5307,1.001,3268,SYNTHETIC_TOY_SIMULATOR
22,F2,cartservice,1,-0.8345,1,100,10,0,0.1695,13,0,0.10729,0.74,-1.5198,0.27012,0.125,0.5328,1.001,3320,SYNTHETIC_TOY_SIMULATOR
23,F2,currencyservice,1,-1.2454,1,120,8,0,0.9329,13,0,0.10896,0.9761,-1.6611,0.34701,0.086,0.5349,1.001,3372,SYNTHETIC_TOY_SIMULATOR
24,F4,frontend,2.5,-1.1544,1,40,4,0,0.8544,9,0,0.10898,0.8947,-1.3777,0.37146,0.164,0.5363,1.001,3408,SYNTHETIC_TOY_SIMULATOR
25,NULL,,,-0.2175,0,,5,1,0.0,9,0,0.1098,0.6844,-1.286,0.29565,0.102,0.5378,1.001,3444,SYNTHETIC_TOY_SIMULATOR
26,F1,productcatalogservice,1s,-12.0914,0,,12,0,11.3964,21,0,0.1119,0.7879,-1.3621,0.19522,0.102,0.5411,1.001,3528,SYNTHETIC_TOY_SIMULATOR
27,F1,productcatalogservice,1s,-3.1268,1,100,9,0,2.7693,12,0,0.11333,0.835,-1.3312,0.25413,0.141,0.543,1.001,3576,SYNTHETIC_TOY_SIMULATOR
28,NULL,,,-0.3825,0,,9,1,0.0,9,0,0.11396,0.8627,-1.3095,0.3233,0.125,0.5445,1.001,3612,SYNTHETIC_TOY_SIMULATOR
29,F3,cartservice,,-2.2875,1,40,5,0,2.0,10,0,0.11493,0.8251,-1.4597,0.26025,0.125,0.5461,1.001,3652,SYNTHETIC_TOY_SIMULATOR
30,F4,frontend,2.5,-1.9501,1,60,5,0,1.6976,9,0,0.11598,0.877,-1.3682,0.2269,0.125,0.5475,1.001,3688,SYNTHETIC_TOY_SIMULATOR
31,F4,frontend,3.0,-2.0187,1,40,5,0,1.6237,10,0,0.11679,0.947,-1.2437,0.25554,0.156,0.5491,1.001,3728,SYNTHETIC_TOY_SIMULATOR
32,F4,frontend,2.5,-1.2431,1,40,7,0,0.8681,10,0,0.11745,0.7931,-1.501,0.16943,0.062,0.5507,1.001,3768,SYNTHETIC_TOY_SIMULATOR
33,F1,productcatalogservice,300ms,-1.9864,1,200,9,0,1.4039,16,0,0.11926,0.8296,-1.4136,0.19906,0.133,0.5533,1.001,3832,SYNTHETIC_TOY_SIMULATOR
34,F3,cartservice,,-3.27,1,60,5,0,3.0,10,0,0.11999,0.8221,-1.4384,0.177,0.148,0.5549,1.001,3872,SYNTHETIC_TOY_SIMULATOR
35,NULL,,,-0.325,0,,6,1,0.0,9,0,0.12091,0.8252,-1.2956,0.22693,0.125,0.5563,1.001,3908,SYNTHETIC_TOY_SIMULATOR
36,F1,productcatalogservice,1s,-11.253,0,,15,0,10.238,24,0,0.12187,0.8806,-1.3144,0.18022,0.109,0.5602,1.001,4004,SYNTHETIC_TOY_SIMULATOR
37,F3,currencyservice,,-3.4425,1,60,10,0,3.0,11,0,0.12231,0.783,-1.4431,0.22576,0.094,0.5619,1.001,4048,SYNTHETIC_TOY_SIMULATOR
38,F2,currencyservice,1,-0.5049,1,120,3,0,0.2674,11,0,0.12311,0.929,-1.4177,0.25159,0.078,0.5637,1.001,4092,SYNTHETIC_TOY_SIMULATOR
39,F3,currencyservice,,-2.165,1,40,4,0,2.0,7,0,0.12344,0.8337,-1.5762,0.44884,0.133,0.5648,1.001,4120,SYNTHETIC_TOY_SIMULATOR
40,F1,productcatalogservice,600ms,-1.8854,1,80,6,0,1.5529,10,0,0.12401,0.9027,-1.3189,0.14196,0.141,0.5664,1.001,4160,SYNTHETIC_TOY_SIMULATOR
41,F4,frontend,2.5,-0.3975,1,20,6,0,0.0,8,0,0.12491,0.9245,-1.2367,0.20117,0.133,0.5677,1.001,4192,SYNTHETIC_TOY_SIMULATOR
42,NULL,,,-0.365,0,,7,1,0.0,9,0,0.1256,0.8839,-1.3526,0.27557,0.109,0.5691,1.001,4228,SYNTHETIC_TOY_SIMULATOR
43,F1,productcatalogservice,600ms,-4.4994,1,180,11,0,3.6194,15,0,0.12636,0.893,-1.5037,0.25511,0.086,0.5715,1.001,4288,SYNTHETIC_TOY_SIMULATOR
44,F3,cartservice,,-3.4275,1,60,6,0,3.0,11,0,0.12737,1.0366,-1.1088,0.18206,0.102,0.5733,1.001,4332,SYNTHETIC_TOY_SIMULATOR
45,NULL,,,-0.2525,0,,4,1,0.0,9,0,0.12839,0.8864,-1.602,0.15481,0.156,0.5747,1.001,4368,SYNTHETIC_TOY_SIMULATOR
46,F2,cartservice,2,-4.6907,1,280,10,0,4.1932,19,0,0.13075,0.859,-1.2653,0.2786,0.086,0.5778,1.001,4444,SYNTHETIC_TOY_SIMULATOR
47,F4,frontend,3.0,-2.05,1,40,5,0,1.7475,7,0,0.13112,1.096,-1.1268,0.16948,0.102,0.5789,1.001,4472,SYNTHETIC_TOY_SIMULATOR
48,F2,currencyservice,2,-3.1667,1,220,12,0,2.4392,18,0,0.13021,0.9693,-1.2511,0.16454,0.094,0.5818,1.001,4544,SYNTHETIC_TOY_SIMULATOR
49,F3,currencyservice,,-3.2425,1,60,5,0,3.0,11,0,0.12983,1.1085,-1.1568,0.24864,0.109,0.5835,1.001,4588,SYNTHETIC_TOY_SIMULATOR
50,F4,frontend,3.0,-1.906,1,100,8,0,1.321,11,0,0.12867,1.0835,-1.1684,0.1919,0.078,0.5853,1.001,4632,SYNTHETIC_TOY_SIMULATOR
51,F2,cartservice,1,-0.4772,1,120,4,0,0.1997,11,0,0.12785,0.9398,-1.3329,0.23496,0.133,0.587,1.001,4676,SYNTHETIC_TOY_SIMULATOR
52,F1,productcatalogservice,1s,-5.4271,1,160,10,0,4.8671,14,0,0.12737,1.0743,-1.2772,0.27049,0.062,0.5893,1.001,4732,SYNTHETIC_TOY_SIMULATOR
53,F4,frontend,3.0,-1.2006,1,20,6,0,0.8581,6,0,0.12714,0.8359,-1.3213,0.12517,0.086,0.5902,1.001,4756,SYNTHETIC_TOY_SIMULATOR
54,F4,frontend,3.0,-2.1911,1,40,6,0,1.8236,8,0,0.12722,0.9282,-1.445,0.21402,0.125,0.5915,1.001,4788,SYNTHETIC_TOY_SIMULATOR
55,NULL,,,-0.39,0,,7,1,0.0,10,0,0.1271,0.9533,-1.3932,0.22827,0.117,0.5931,1.001,4828,SYNTHETIC_TOY_SIMULATOR
56,F1,productcatalogservice,300ms,-0.9024,1,60,6,0,0.5824,8,0,0.12707,0.9421,-1.1113,0.18994,0.094,0.5944,1.001,4860,SYNTHETIC_TOY_SIMULATOR
57,F4,frontend,3.0,-2.2052,1,40,6,0,1.7327,8,0,0.12705,0.9568,-1.2643,0.22458,0.117,0.5957,1.001,4892,SYNTHETIC_TOY_SIMULATOR
58,F2,currencyservice,1,-0.4451,1,60,6,0,0.1251,9,0,0.1267,1.0371,-1.2195,0.19758,0.125,0.5971,1.001,4928,SYNTHETIC_TOY_SIMULATOR
59,F4,frontend,3.0,-4.254,1,80,6,0,3.824,12,0,0.12784,1.08,-1.2276,0.1586,0.148,0.599,1.001,4976,SYNTHETIC_TOY_SIMULATOR
60,F4,frontend,2.5,-1.191,1,40,6,0,0.836,7,0,0.12766,1.082,-1.2764,0.19671,0.141,0.6002,1.001,5004,SYNTHETIC_TOY_SIMULATOR
61,F4,frontend,3.0,-3.3091,1,80,7,0,2.8266,11,0,0.12704,0.9172,-1.3983,0.21635,0.195,0.6019,1.001,5048,SYNTHETIC_TOY_SIMULATOR
62,F2,currencyservice,2,-1.3897,1,80,7,0,1.0172,9,0,0.1273,0.8431,-1.309,0.18811,0.078,0.6034,1.001,5084,SYNTHETIC_TOY_SIMULATOR
63,F4,frontend,2.5,-1.5457,1,40,7,0,1.1132,10,0,0.12878,0.8921,-1.239,0.17847,0.141,0.605,1.001,5124,SYNTHETIC_TOY_SIMULATOR
64,F1,productcatalogservice,600ms,-0.9726,1,40,5,0,0.6801,9,0,0.12865,0.8703,-1.3166,0.11538,0.125,0.6064,1.001,5160,SYNTHETIC_TOY_SIMULATOR
65,F1,productcatalogservice,300ms,-1.5996,1,140,14,0,0.8721,15,0,0.12946,0.7943,-1.3289,0.24262,0.141,0.6088,1.001,5220,SYNTHETIC_TOY_SIMULATOR
66,NULL,,,-0.2975,0,,5,1,0.0,9,0,0.13082,0.9128,-1.1209,0.20889,0.094,0.6102,1.001,5256,SYNTHETIC_TOY_SIMULATOR
67,F1,productcatalogservice,600ms,-1.0614,1,40,4,0,0.8089,9,0,0.13182,0.8141,-1.2045,0.17716,0.102,0.6117,1.001,5292,SYNTHETIC_TOY_SIMULATOR
68,F1,productcatalogservice,1s,-1.3606,1,40,6,0,1.1206,7,0,0.13274,0.9218,-1.2679,0.16522,0.102,0.6128,1.001,5320,SYNTHETIC_TOY_SIMULATOR
69,F2,currencyservice,1,-1.1744,1,100,6,0,0.8044,12,0,0.13241,0.9192,-1.5334,0.2257,0.102,0.6147,1.001,5368,SYNTHETIC_TOY_SIMULATOR
70,F2,cartservice,1,-0.9769,1,220,11,0,0.3019,19,0,0.13169,0.9202,-1.1869,0.17474,0.109,0.6178,1.001,5444,SYNTHETIC_TOY_SIMULATOR
71,F4,frontend,3.0,-2.3337,1,40,9,0,1.9262,9,0,0.13178,1.0392,-1.237,0.1736,0.094,0.6192,1.001,5480,SYNTHETIC_TOY_SIMULATOR
72,F3,currencyservice,,-3.3975,1,60,7,0,3.0,11,0,0.13214,0.9702,-1.2961,0.13972,0.109,0.621,1.001,5524,SYNTHETIC_TOY_SIMULATOR
73,NULL,,,-0.455,0,,8,1,0.0,12,0,0.13236,0.9718,-1.3539,0.14379,0.133,0.6229,1.001,5572,SYNTHETIC_TOY_SIMULATOR
74,NULL,,,-0.32,0,,8,1,0.0,10,1,0.13241,0.983,-0.986,0.15271,0.141,0.6245,1.001,5612,SYNTHETIC_TOY_SIMULATOR
75,F4,frontend,2.5,-0.4975,1,20,8,0,0.0,9,1,0.13313,1.0054,-1.3277,0.18289,0.141,0.6259,1.001,5648,SYNTHETIC_TOY_SIMULATOR
76,F1,productcatalogservice,1s,-4.5236,1,120,9,0,3.8311,13,0,0.13278,0.9508,-1.3549,0.16604,0.07,0.628,1.001,5700,SYNTHETIC_TOY_SIMULATOR
77,NULL,,,-0.2325,0,,6,1,0.0,11,0,0.13369,1.0067,-1.105,0.09154,0.133,0.6298,1.001,5744,SYNTHETIC_TOY_SIMULATOR
78,NULL,,,-0.61,0,,10,1,0.0,11,0,0.13357,0.9709,-1.2518,0.11973,0.141,0.6315,1.001,5788,SYNTHETIC_TOY_SIMULATOR
79,F2,currencyservice,1,-0.492,1,140,6,0,0.1095,13,0,0.13437,0.9243,-1.1834,0.26474,0.102,0.6336,1.001,5840,SYNTHETIC_TOY_SIMULATOR
80,F3,cartservice,,-4.435,1,80,8,0,4.0,11,0,0.13511,0.9731,-1.1782,0.13828,0.141,0.6354,1.001,5884,SYNTHETIC_TOY_SIMULATOR
81,F4,frontend,3.0,-0.3925,1,20,6,0,0.0,8,0,0.13569,1.0003,-1.2113,0.13223,0.133,0.6366,1.001,5916,SYNTHETIC_TOY_SIMULATOR
82,F1,productcatalogservice,600ms,-1.0392,1,40,7,0,0.7617,10,0,0.13641,0.9692,-0.9339,0.13613,0.117,0.6382,1.001,5956,SYNTHETIC_TOY_SIMULATOR
83,F1,productcatalogservice,600ms,-1.0193,1,40,5,0,0.6718,9,0,0.13692,0.8936,-1.1861,0.14871,0.125,0.6397,1.001,5992,SYNTHETIC_TOY_SIMULATOR
84,F3,currencyservice,,-2.24,1,40,6,0,2.0,7,0,0.13764,0.8892,-1.2409,0.1517,0.148,0.6408,1.001,6020,SYNTHETIC_TOY_SIMULATOR
85,F3,currencyservice,,-3.245,1,60,6,0,3.0,8,0,0.13895,0.89,-1.2618,0.18662,0.172,0.6421,1.001,6052,SYNTHETIC_TOY_SIMULATOR
86,NULL,,,-0.6275,0,,10,1,0.0,12,0,0.1401,0.9818,-1.1002,0.14595,0.117,0.644,1.001,6100,SYNTHETIC_TOY_SIMULATOR
87,F2,currencyservice,2,-1.8199,1,100,11,0,1.1574,12,1,0.13974,1.0686,-1.1893,0.07587,0.109,0.6459,1.001,6148,SYNTHETIC_TOY_SIMULATOR
88,F1,productcatalogservice,300ms,-0.9513,1,60,9,0,0.4013,10,0,0.13868,1.0058,-1.2338,0.21665,0.109,0.6475,1.001,6188,SYNTHETIC_TOY_SIMULATOR
89,F2,currencyservice,2,-1.5829,1,80,6,0,1.3379,9,0,0.13892,0.9422,-1.2461,0.17358,0.094,0.649,1.001,6224,SYNTHETIC_TOY_SIMULATOR
90,F3,cartservice,,-4.2575,1,80,7,0,4.0,12,0,0.13975,0.9028,-1.1495,0.08918,0.078,0.6509,1.001,6272,SYNTHETIC_TOY_SIMULATOR
91,F3,cartservice,,-5.4,1,100,7,0,5.0,12,0,0.13989,1.0186,-1.0505,0.14459,0.164,0.6528,1.001,6320,SYNTHETIC_TOY_SIMULATOR
92,NULL,,,-0.42,0,,7,1,0.0,10,0,0.13977,1.0354,-1.3111,0.13678,0.117,0.6544,1.001,6360,SYNTHETIC_TOY_SIMULATOR
93,NULL,,,-0.32,0,,8,1,0.0,10,0,0.13924,0.9404,-1.137,0.13356,0.117,0.656,1.001,6400,SYNTHETIC_TOY_SIMULATOR
94,NULL,,,-0.3925,0,,6,1,0.0,11,1,0.13852,1.0241,-1.2176,0.14536,0.148,0.6578,1.001,6444,SYNTHETIC_TOY_SIMULATOR
95,F2,cartservice,1,-2.0395,0,,13,0,1.392,22,0,0.13705,0.9151,-1.4123,0.15663,0.117,0.6613,1.001,6532,SYNTHETIC_TOY_SIMULATOR
96,F1,productcatalogservice,600ms,-2.0083,1,80,8,0,1.5833,10,0,0.13671,0.8463,-1.3227,0.1431,0.094,0.6629,1.001,6572,SYNTHETIC_TOY_SIMULATOR
97,F4,frontend,3.0,-1.2006,1,40,4,0,0.8881,7,0,0.1365,0.9238,-1.2649,0.13241,0.109,0.664,1.001,6600,SYNTHETIC_TOY_SIMULATOR
98,NULL,,,-0.4925,0,,8,1,0.0,9,0,0.13602,0.885,-1.1838,0.13329,0.156,0.6654,1.001,6636,SYNTHETIC_TOY_SIMULATOR
99,F4,frontend,2.5,-2.3467,1,60,7,0,1.9142,10,0,0.13563,0.983,-1.2489,0.12618,0.133,0.667,1.001,6676,SYNTHETIC_TOY_SIMULATOR
100,F4,frontend,3.0,-0.7068,1,60,7,0,0.2118,9,0,0.13495,0.9295,-1.343,0.1988,0.109,0.6685,1.001,6712,SYNTHETIC_TOY_SIMULATOR
101,NULL,,,-0.535,0,,10,1,0.0,12,0,0.13437,1.0355,-1.1959,0.11627,0.094,0.6704,1.001,6760,SYNTHETIC_TOY_SIMULATOR
102,NULL,,,-0.405,0,,9,1,0.0,11,0,0.13362,1.0342,-1.354,0.17662,0.125,0.6722,1.001,6804,SYNTHETIC_TOY_SIMULATOR
103,NULL,,,-0.2575,0,,6,1,0.0,9,0,0.13269,1.0276,-1.21,0.08228,0.086,0.6736,1.001,6840,SYNTHETIC_TOY_SIMULATOR
104,F1,productcatalogservice,1s,-1.4628,1,40,7,0,1.1778,8,0,0.13226,0.9953,-1.3587,0.25598,0.094,0.6749,1.001,6872,SYNTHETIC_TOY_SIMULATOR
105,F4,frontend,2.5,-0.4525,1,20,7,0,0.0,9,0,0.13139,1.0172,-1.3119,0.1871,0.148,0.6763,1.001,6908,SYNTHETIC_TOY_SIMULATOR
106,F1,productcatalogservice,1s,-1.4513,1,40,6,0,1.1938,9,0,0.13054,1.0048,-1.125,0.21503,0.102,0.6778,1.001,6944,SYNTHETIC_TOY_SIMULATOR
107,F3,cartservice,,-3.265,1,60,7,0,3.0,10,0,0.13011,0.8794,-1.2072,0.13334,0.102,0.6794,1.001,6984,SYNTHETIC_TOY_SIMULATOR
108,F3,cartservice,,-5.2775,1,100,8,0,5.0,11,0,0.13021,0.8992,-1.1175,0.14092,0.102,0.6811,1.001,7028,SYNTHETIC_TOY_SIMULATOR
109,NULL,,,-0.3468,0,,8,1,0.0318,12,0,0.13002,0.9789,-1.2135,0.1409,0.086,0.683,1.001,7076,SYNTHETIC_TOY_SIMULATOR
110,F1,productcatalogservice,1s,-1.9699,1,60,8,0,1.6324,10,0,0.13023,1.0001,-1.0682,0.1239,0.102,0.6846,1.001,7116,SYNTHETIC_TOY_SIMULATOR
111,F4,frontend,3.0,-2.5694,1,60,9,0,2.0319,11,0,0.13022,0.9315,-1.2619,0.17554,0.07,0.6864,1.001,7160,SYNTHETIC_TOY_SIMULATOR
112,F1,productcatalogservice,1s,-2.7894,1,80,8,0,2.4694,11,0,0.12944,1.0128,-1.166,0.13156,0.109,0.6882,1.001,7204,SYNTHETIC_TOY_SIMULATOR
113,F3,currencyservice,,-3.165,1,60,4,0,3.0,9,0,0.1286,0.9306,-1.4096,0.24134,0.125,0.6896,1.001,7240,SYNTHETIC_TOY_SIMULATOR
114,F3,cartservice,,-4.4162,1,80,8,0,4.0,12,0,0.12878,0.9853,-1.2515,0.09033,0.102,0.6915,1.001,7288,SYNTHETIC_TOY_SIMULATOR
115,F1,productcatalogservice,1s,-1.9732,1,60,6,0,1.7332,11,0,0.1286,0.9162,-1.1675,0.16752,0.094,0.6933,1.001,7332,SYNTHETIC_TOY_SIMULATOR
116,F3,currencyservice,,-3.24,1,60,6,0,3.0,8,0,0.12793,0.925,-1.1681,0.1431,0.07,0.6946,1.001,7364,SYNTHETIC_TOY_SIMULATOR
117,F3,cartservice,,-3.3675,1,60,7,0,3.0,9,0,0.12704,0.9865,-1.2201,0.14822,0.117,0.696,1.001,7400,SYNTHETIC_TOY_SIMULATOR
118,F2,currencyservice,1,-0.7466,1,20,7,0,0.3066,9,0,0.12619,0.9734,-1.2784,0.17354,0.125,0.6974,1.001,7436,SYNTHETIC_TOY_SIMULATOR
119,F4,frontend,2.5,-1.9029,1,60,7,0,1.4829,8,0,0.12585,0.9383,-1.2578,0.16997,0.133,0.6987,1.001,7468,SYNTHETIC_TOY_SIMULATOR
120,F1,productcatalogservice,600ms,-3.3517,1,160,8,0,2.9517,14,0,0.12468,0.9724,-1.2751,0.15724,0.117,0.701,1.001,7524,SYNTHETIC_TOY_SIMULATOR
121,F1,productcatalogservice,1s,-1.5899,1,40,7,0,1.1846,9,0,0.12334,0.9787,-1.086,0.14156,0.109,0.7024,1.001,7560,SYNTHETIC_TOY_SIMULATOR
122,F4,frontend,3.0,-2.0646,1,60,9,0,1.6396,11,1,0.12266,0.9557,-1.2258,0.15937,0.117,0.7042,1.001,7604,SYNTHETIC_TOY_SIMULATOR
123,F2,currencyservice,1,-0.8961,1,40,7,0,0.4136,9,0,0.12244,0.8881,-1.0877,0.14177,0.055,0.7056,1.001,7640,SYNTHETIC_TOY_SIMULATOR
124,F2,currencyservice,1,-1.9622,1,280,13,0,1.3872,19,0,0.12155,1.0279,-1.2657,0.13836,0.086,0.7086,1.001,7716,SYNTHETIC_TOY_SIMULATOR
125,F4,frontend,2.5,-0.2475,1,20,3,0,0.0,6,0,0.12096,1.0613,-1.0568,0.13312,0.102,0.7096,1.001,7740,SYNTHETIC_TOY_SIMULATOR
126,F4,frontend,2.5,-1.6118,1,40,5,0,1.3342,7,0,0.12027,0.7566,-1.4275,0.08777,0.117,0.7107,1.001,7768,SYNTHETIC_TOY_SIMULATOR
127,F3,currencyservice,,-3.325,1,60,6,0,3.0,9,0,0.12091,0.8555,-1.2087,0.14865,0.094,0.7122,1.001,7804,SYNTHETIC_TOY_SIMULATOR
128,F4,frontend,2.5,-1.1826,1,40,5,0,0.8626,7,0,0.12138,0.8747,-1.204,0.14908,0.117,0.7133,1.001,7832,SYNTHETIC_TOY_SIMULATOR
129,F3,currencyservice,,-3.2634,1,60,5,0,3.0,11,0,0.12185,0.8506,-1.1132,0.13226,0.117,0.715,1.001,7876,SYNTHETIC_TOY_SIMULATOR
130,F2,currencyservice,1,-0.3337,1,60,7,0,0.0537,8,0,0.1221,0.9688,-1.3477,0.1026,0.078,0.7163,1.001,7908,SYNTHETIC_TOY_SIMULATOR
131,F4,frontend,2.5,-0.9352,1,40,4,0,0.7277,7,0,0.12167,0.8906,-1.3596,0.12691,0.102,0.7174,1.001,7936,SYNTHETIC_TOY_SIMULATOR
132,F2,currencyservice,1,-0.4353,1,20,6,0,0.2028,9,0,0.12218,1.023,-1.2065,0.06659,0.141,0.7189,1.001,7972,SYNTHETIC_TOY_SIMULATOR
133,F4,frontend,2.5,-1.863,1,60,3,0,1.6155,8,0,0.12192,0.9161,-1.1603,0.10013,0.148,0.7202,1.001,8004,SYNTHETIC_TOY_SIMULATOR
134,F3,cartservice,,-2.2575,1,40,7,0,2.0,8,0,0.12132,0.946,-1.1919,0.10101,0.125,0.7214,1.001,8036,SYNTHETIC_TOY_SIMULATOR
135,F2,currencyservice,1,-0.621,1,60,6,0,0.321,10,0,0.12193,0.9166,-1.1617,0.17356,0.156,0.723,1.001,8076,SYNTHETIC_TOY_SIMULATOR
136,F4,frontend,2.5,-1.1314,1,40,6,0,0.8164,8,0,0.12213,0.9251,-1.2194,0.09633,0.117,0.7243,1.001,8108,SYNTHETIC_TOY_SIMULATOR
137,NULL,,,-0.3125,0,,8,1,0.0,10,0,0.1225,1.0304,-1.1164,0.08407,0.109,0.7259,1.001,8148,SYNTHETIC_TOY_SIMULATOR
138,F2,currencyservice,2,-5.3253,0,,16,0,4.4428,21,0,0.12135,1.0589,-1.2544,0.15141,0.148,0.7293,1.001,8232,SYNTHETIC_TOY_SIMULATOR
139,F2,currencyservice,1,-0.7969,1,40,6,0,0.4344,8,0,0.12089,0.9038,-1.0263,0.19977,0.102,0.7306,1.001,8264,SYNTHETIC_TOY_SIMULATOR
140,F2,currencyservice,2,-1.079,1,60,8,0,0.669,10,0,0.12184,0.9271,-1.2586,0.09155,0.102,0.7322,1.001,8304,SYNTHETIC_TOY_SIMULATOR
141,F1,productcatalogservice,300ms,-0.8872,1,60,8,0,0.4022,9,0,0.12171,1.0486,-1.0341,0.09955,0.102,0.7336,1.001,8340,SYNTHETIC_TOY_SIMULATOR
142,F4,frontend,2.5,-1.9626,1,40,5,0,1.6351,9,0,0.1212,0.9811,-0.9764,0.20133,0.188,0.735,1.001,8376,SYNTHETIC_TOY_SIMULATOR
143,F2,cartservice,1,-3.2055,0,,18,0,1.9955,23,0,0.12006,1.0346,-1.1929,0.10683,0.07,0.7387,1.001,8468,SYNTHETIC_TOY_SIMULATOR
144,F1,productcatalogservice,600ms,-1.1483,1,40,8,0,0.6883,10,0,0.11992,0.9891,-1.1864,0.1188,0.117,0.7403,1.001,8508,SYNTHETIC_TOY_SIMULATOR
145,F3,currencyservice,,-3.24,1,60,4,0,3.0,8,0,0.11986,0.8978,-1.2346,0.16315,0.086,0.7416,1.001,8540,SYNTHETIC_TOY_SIMULATOR
146,F3,cartservice,,-3.275,1,60,6,0,3.0,9,0,0.11988,0.9343,-1.4085,0.10293,0.109,0.743,1.001,8576,SYNTHETIC_TOY_SIMULATOR
147,F2,cartservice,1,-3.4606,1,260,14,0,2.4906,19,0,0.11995,0.9282,-1.0684,0.09671,0.109,0.7461,1.001,8652,SYNTHETIC_TOY_SIMULATOR
148,F1,productcatalogservice,300ms,-0.6773,1,40,8,0,0.2673,8,0,0.11978,0.9426,-1.318,0.10683,0.094,0.7474,1.001,8684,SYNTHETIC_TOY_SIMULATOR
149,F3,currencyservice,,-2.365,1,40,7,0,2.0,9,0,0.12031,0.8464,-1.2085,0.18026,0.117,0.7488,1.001,8720,SYNTHETIC_TOY_SIMULATOR
150,F2,cartservice,1,-3.3957,1,240,16,0,2.4907,20,0,0.12115,0.978,-1.1822,0.0796,0.133,0.752,1.001,8800,SYNTHETIC_TOY_SIMULATOR
151,NULL,,,-0.43,0,,10,1,0.0,12,0,0.12109,0.9966,-1.1246,0.15116,0.141,0.7539,1.001,8848,SYNTHETIC_TOY_SIMULATOR
152,F2,currencyservice,2,-0.8137,1,60,5,0,0.6087,9,0,0.12093,1.0307,-1.2254,0.18618,0.102,0.7554,1.001,8884,SYNTHETIC_TOY_SIMULATOR
153,F4,frontend,2.5,-1.4799,1,40,4,0,1.1924,8,0,0.12051,0.9579,-1.1611,0.11405,0.086,0.7566,1.001,8916,SYNTHETIC_TOY_SIMULATOR
154,F2,currencyservice,2,-1.8137,1,80,8,0,1.0361,12,0,0.12044,0.9669,-1.0764,0.12406,0.148,0.7586,1.001,8964,SYNTHETIC_TOY_SIMULATOR
155,F4,frontend,3.0,-3.0088,1,60,6,0,2.7038,9,0,0.12103,0.8851,-1.3332,0.08686,0.148,0.76,1.001,9000,SYNTHETIC_TOY_SIMULATOR
156,F3,currencyservice,,-3.535,1,60,8,0,3.0,11,0,0.12142,0.9371,-1.2681,0.16111,0.188,0.7618,1.001,9044,SYNTHETIC_TOY_SIMULATOR
157,F4,frontend,3.0,-1.9947,1,40,4,0,1.7197,7,0,0.12187,0.9462,-1.1735,0.10813,0.086,0.7629,1.001,9072,SYNTHETIC_TOY_SIMULATOR
158,F4,frontend,3.0,-1.0226,1,40,5,0,0.7376,7,0,0.12201,0.9719,-1.3073,0.08579,0.086,0.764,1.001,9100,SYNTHETIC_TOY_SIMULATOR
159,F3,cartservice,,-2.3025,1,40,5,0,2.0,10,0,0.12307,0.9213,-0.9508,0.14981,0.109,0.7656,1.001,9140,SYNTHETIC_TOY_SIMULATOR
160,F4,frontend,3.0,-1.2577,1,20,4,0,0.9902,6,0,0.12305,0.9762,-1.2384,0.162,0.117,0.7666,1.001,9164,SYNTHETIC_TOY_SIMULATOR
161,F2,cartservice,1,-3.3201,0,,11,0,2.6426,21,1,0.12143,1.0448,-1.0725,0.13498,0.102,0.7699,1.001,9248,SYNTHETIC_TOY_SIMULATOR
162,F1,productcatalogservice,1s,-3.3936,1,100,7,0,3.0086,12,0,0.12099,0.9647,-0.9751,0.1074,0.117,0.7718,1.001,9296,SYNTHETIC_TOY_SIMULATOR
163,F1,productcatalogservice,300ms,-0.6714,1,60,6,0,0.4264,10,0,0.12092,0.935,-1.1849,0.10501,0.156,0.7734,1.001,9336,SYNTHETIC_TOY_SIMULATOR
164,F4,frontend,3.0,-2.1319,1,40,6,0,1.8519,9,0,0.12151,0.989,-1.3507,0.12941,0.125,0.7749,1.001,9372,SYNTHETIC_TOY_SIMULATOR
165,F3,cartservice,,-3.3575,1,60,5,0,3.0,11,0,0.12163,0.9427,-1.1114,0.11853,0.062,0.7766,1.001,9416,SYNTHETIC_TOY_SIMULATOR
166,F4,frontend,3.0,-0.43,1,20,6,0,0.0,8,0,0.12149,1.0219,-1.1637,0.04514,0.148,0.7779,1.001,9448,SYNTHETIC_TOY_SIMULATOR
167,F3,currencyservice,,-2.6375,1,40,9,0,2.0,10,0,0.1214,0.9317,-1.1566,0.12811,0.117,0.7795,1.001,9488,SYNTHETIC_TOY_SIMULATOR
168,NULL,,,-0.325,0,,8,1,0.0,12,0,0.12088,0.9446,-1.2423,0.11687,0.148,0.7814,1.001,9536,SYNTHETIC_TOY_SIMULATOR
169,F4,frontend,3.0,-0.3375,1,20,6,0,0.0,9,0,0.12051,0.944,-1.0843,0.05746,0.156,0.7829,1.001,9572,SYNTHETIC_TOY_SIMULATOR
170,F3,cartservice,,-2.2525,1,40,5,0,2.0,9,0,0.1204,0.8862,-1.1539,0.10047,0.133,0.7843,1.001,9608,SYNTHETIC_TOY_SIMULATOR
171,F4,frontend,2.5,-0.215,1,20,4,0,0.0,6,0,0.1205,0.9764,-1.0295,0.09862,0.102,0.7853,1.001,9632,SYNTHETIC_TOY_SIMULATOR
172,F1,productcatalogservice,300ms,-0.6216,1,40,6,0,0.2216,9,0,0.12039,0.9436,-1.0172,0.10756,0.117,0.7867,1.001,9668,SYNTHETIC_TOY_SIMULATOR
173,F4,frontend,3.0,-0.415,1,20,8,0,0.0,9,0,0.1204,0.9554,-1.2095,0.14625,0.156,0.7882,1.001,9704,SYNTHETIC_TOY_SIMULATOR
174,F2,currencyservice,1,-1.1253,1,80,6,0,0.8803,12,0,0.11996,1.0814,-1.1041,0.08781,0.117,0.7901,1.001,9752,SYNTHETIC_TOY_SIMULATOR
175,F3,currencyservice,,-5.44,1,100,11,0,5.0,12,0,0.11928,1.0589,-1.0521,0.10831,0.117,0.792,1.001,9800,SYNTHETIC_TOY_SIMULATOR
176,F3,cartservice,,-3.485,1,60,7,0,3.0,11,0,0.11918,0.8703,-1.3748,0.12965,0.141,0.7938,1.001,9844,SYNTHETIC_TOY_SIMULATOR
177,F3,currencyservice,,-2.505,1,40,10,0,2.0,10,0,0.11939,1.0026,-1.3578,0.12885,0.172,0.7954,1.001,9884,SYNTHETIC_TOY_SIMULATOR
178,F1,productcatalogservice,1s,-1.9461,1,60,6,0,1.7061,9,0,0.11936,0.8421,-1.1998,0.12201,0.117,0.7968,1.001,9920,SYNTHETIC_TOY_SIMULATOR
179,F2,cartservice,2,-1.9999,1,80,9,0,1.5099,12,0,0.1204,0.8091,-1.0411,0.08146,0.125,0.7987,1.001,9968,SYNTHETIC_TOY_SIMULATOR
180,F4,frontend,2.5,-0.245,1,20,4,0,0.0,6,0,0.12068,0.9592,-1.0559,0.1353,0.156,0.7997,1.001,9992,SYNTHETIC_TOY_SIMULATOR
181,F4,frontend,2.5,-1.4238,1,100,5,0,0.9838,10,0,0.12087,0.9224,-1.2745,0.12045,0.172,0.8013,1.001,10032,SYNTHETIC_TOY_SIMULATOR
182,F1,productcatalogservice,300ms,-0.8136,1,100,8,0,0.5086,10,0,0.12155,0.9795,-1.0082,0.16098,0.102,0.8029,1.001,10072,SYNTHETIC_TOY_SIMULATOR
183,F1,productcatalogservice,1s,-1.2849,1,40,6,0,1.0524,7,0,0.12214,0.9255,-1.0673,0.13175,0.172,0.804,1.001,10100,SYNTHETIC_TOY_SIMULATOR
184,F2,cartservice,1,-2.1019,0,,13,0,1.2544,21,0,0.12334,0.9742,-1.1898,0.12825,0.078,0.8074,1.001,10184,SYNTHETIC_TOY_SIMULATOR
185,F1,productcatalogservice,600ms,-1.5383,1,60,6,0,1.1583,9,0,0.12435,0.8617,-1.1445,0.1874,0.078,0.8088,1.001,10220,SYNTHETIC_TOY_SIMULATOR
186,F2,cartservice,1,-2.0039,1,140,12,0,1.2764,12,0,0.12599,0.9281,-1.0849,0.11397,0.125,0.8107,1.001,10268,SYNTHETIC_TOY_SIMULATOR
187,F1,productcatalogservice,600ms,-1.0866,1,40,7,0,0.7791,9,0,0.12691,0.8818,-1.2812,0.16275,0.078,0.8122,1.001,10304,SYNTHETIC_TOY_SIMULATOR
188,NULL,,,-0.2575,0,,7,1,0.0,10,0,0.12802,0.8875,-1.0122,0.11278,0.117,0.8138,1.001,10344,SYNTHETIC_TOY_SIMULATOR
189,F2,currencyservice,2,-0.969,1,60,6,0,0.729,8,1,0.12852,0.8658,-1.2619,0.08597,0.125,0.815,1.001,10376,SYNTHETIC_TOY_SIMULATOR
190,F3,currencyservice,,-3.28,1,60,5,0,3.0,8,0,0.1287,0.9424,-1.1121,0.11245,0.141,0.8163,1.001,10408,SYNTHETIC_TOY_SIMULATOR
191,F2,currencyservice,2,-2.1935,1,80,11,0,1.506,12,0,0.12948,0.9141,-1.0839,0.11412,0.141,0.8182,1.001,10456,SYNTHETIC_TOY_SIMULATOR
192,F2,cartservice,2,-0.9024,1,40,8,0,0.5899,10,0,0.12951,0.906,-1.1674,0.06014,0.117,0.8198,1.001,10496,SYNTHETIC_TOY_SIMULATOR
193,F3,cartservice,,-4.4375,1,80,7,0,4.0,12,0,0.1296,1.0244,-1.0559,0.10378,0.203,0.8218,1.001,10544,SYNTHETIC_TOY_SIMULATOR
194,F4,frontend,3.0,-2.9273,1,60,6,0,2.6348,9,0,0.12967,0.9566,-1.2151,0.11289,0.094,0.8232,1.001,10580,SYNTHETIC_TOY_SIMULATOR
195,NULL,,,-0.54,0,,5,1,0.0,12,0,0.12993,0.9933,-1.1283,0.15176,0.102,0.8251,1.001,10628,SYNTHETIC_TOY_SIMULATOR
196,F2,currencyservice,2,-2.0532,1,140,10,0,1.6482,15,0,0.12995,0.9894,-1.1004,0.11974,0.086,0.8275,1.001,10688,SYNTHETIC_TOY_SIMULATOR
197,NULL,,,-0.2975,0,,7,1,0.0,10,0,0.12965,0.9362,-1.189,0.08711,0.102,0.8291,1.001,10728,SYNTHETIC_TOY_SIMULATOR
198,F4,frontend,2.5,-1.9103,1,60,7,0,1.5703,9,0,0.12896,0.9668,-1.3086,0.091,0.148,0.8306,1.001,10764,SYNTHETIC_TOY_SIMULATOR
199,F3,cartservice,,-3.2875,1,60,5,0,3.0,9,0,0.12845,1.0329,-1.1348,0.10289,0.133,0.832,1.001,10800,SYNTHETIC_TOY_SIMULATOR
200,F1,productcatalogservice,300ms,-0.874,1,60,10,0,0.479,11,0,0.12752,0.9049,-1.1091,0.10064,0.117,0.8338,1.001,10844,SYNTHETIC_TOY_SIMULATOR
201,F3,currencyservice,,-2.4375,1,40,9,0,2.0,9,0,0.1272,0.9226,-1.0346,0.04456,0.141,0.8352,1.001,10880,SYNTHETIC_TOY_SIMULATOR
202,F3,cartservice,,-7.38,1,140,10,0,7.0,12,0,0.12642,1.0548,-1.114,0.10591,0.109,0.8371,1.001,10928,SYNTHETIC_TOY_SIMULATOR
203,F4,frontend,3.0,-3.0531,1,60,6,0,2.6606,9,0,0.12583,0.9382,-1.1259,0.09443,0.133,0.8386,1.001,10964,SYNTHETIC_TOY_SIMULATOR
204,F1,productcatalogservice,300ms,-0.6679,1,80,5,0,0.4754,10,0,0.12616,0.8891,-1.0424,0.11311,0.109,0.8402,1.001,11004,SYNTHETIC_TOY_SIMULATOR
205,F2,cartservice,1,-1.6212,0,,10,0,0.7362,23,0,0.12662,0.9967,-1.1643,0.09607,0.125,0.8438,1.001,11096,SYNTHETIC_TOY_SIMULATOR
206,F1,productcatalogservice,300ms,-0.5685,1,40,7,0,0.296,10,0,0.1268,0.9712,-1.1968,0.08545,0.125,0.8454,1.001,11136,SYNTHETIC_TOY_SIMULATOR
207,F3,currencyservice,,-3.28,1,60,7,0,3.0,10,0,0.12685,0.9439,-1.0866,0.0935,0.148,0.847,1.001,11176,SYNTHETIC_TOY_SIMULATOR
208,F2,currencyservice,2,-1.4534,1,80,9,0,1.0934,12,0,0.12675,0.9964,-1.1639,0.1111,0.117,0.849,1.001,11224,SYNTHETIC_TOY_SIMULATOR
209,F2,cartservice,2,-2.4588,1,120,8,0,2.1213,12,0,0.1277,0.9121,-1.0293,0.08722,0.133,0.8509,1.001,11272,SYNTHETIC_TOY_SIMULATOR
210,F4,frontend,2.5,-0.3725,1,20,7,0,0.0,9,0,0.12838,0.8757,-1.1605,0.13369,0.141,0.8523,1.001,11308,SYNTHETIC_TOY_SIMULATOR
211,F4,frontend,2.5,-0.2875,1,20,4,0,0.0,6,0,0.12826,0.9979,-1.2115,0.14039,0.133,0.8533,1.001,11332,SYNTHETIC_TOY_SIMULATOR
212,F1,productcatalogservice,600ms,-0.9367,1,40,5,0,0.7467,7,0,0.12813,0.9304,-1.0843,0.15669,0.117,0.8544,1.001,11360,SYNTHETIC_TOY_SIMULATOR
213,F4,frontend,3.0,-3.1836,1,100,6,0,2.7236,10,0,0.12778,0.9959,-1.0389,0.13615,0.109,0.856,1.001,11400,SYNTHETIC_TOY_SIMULATOR
214,NULL,,,-0.36,0,,9,1,0.0,12,0,0.12823,0.9369,-1.1069,0.09827,0.078,0.8579,1.001,11448,SYNTHETIC_TOY_SIMULATOR
215,F1,productcatalogservice,300ms,-0.9997,1,80,8,0,0.5397,12,0,0.1289,0.9267,-1.1908,0.11625,0.086,0.8598,1.001,11496,SYNTHETIC_TOY_SIMULATOR
216,F3,cartservice,,-2.19,1,40,5,0,2.0,7,0,0.12904,0.9632,-1.2176,0.11031,0.141,0.861,1.001,11524,SYNTHETIC_TOY_SIMULATOR
217,F3,currencyservice,,-3.445,1,60,7,0,3.0,10,0,0.12941,0.9718,-1.2261,0.18541,0.148,0.8626,1.001,11564,SYNTHETIC_TOY_SIMULATOR
218,F3,cartservice,,-3.35,1,60,5,0,3.0,9,0,0.12985,0.9741,-1.1636,0.10496,0.141,0.864,1.001,11600,SYNTHETIC_TOY_SIMULATOR
219,NULL,,,-0.3275,0,,5,1,0.0,9,0,0.12992,0.9653,-1.1137,0.11376,0.125,0.8654,1.001,11636,SYNTHETIC_TOY_SIMULATOR
220,F2,cartservice,2,-3.6725,0,,14,0,2.8425,23,0,0.13137,0.9279,-1.0644,0.09918,0.062,0.8691,1.001,11728,SYNTHETIC_TOY_SIMULATOR
221,F3,currencyservice,,-2.285,1,40,7,0,2.0,10,0,0.13134,0.921,-0.9389,0.08465,0.094,0.8707,1.001,11768,SYNTHETIC_TOY_SIMULATOR
222,F3,cartservice,,-3.37,1,60,7,0,3.0,9,0,0.13178,0.9689,-0.9984,0.06994,0.109,0.8722,1.001,11804,SYNTHETIC_TOY_SIMULATOR
223,NULL,,,-0.3375,0,,7,1,0.0,11,0,0.13122,1.0518,-0.9562,0.14861,0.125,0.8739,1.001,11848,SYNTHETIC_TOY_SIMULATOR
224,F1,productcatalogservice,600ms,-1.0457,1,40,7,0,0.7732,8,0,0.13105,0.9899,-1.1655,0.12488,0.109,0.8752,1.001,11880,SYNTHETIC_TOY_SIMULATOR
225,F4,frontend,2.5,-1.4957,1,60,8,0,1.1107,10,0,0.13084,0.935,-1.1098,0.09872,0.133,0.8768,1.001,11920,SYNTHETIC_TOY_SIMULATOR
226,NULL,,,-0.3594,0,,9,1,0.0069,12,0,0.13058,0.9566,-1.1298,0.07884,0.133,0.8787,1.001,11968,SYNTHETIC_TOY_SIMULATOR
227,F3,currencyservice,,-3.455,1,60,6,0,3.0,9,0,0.13025,1.0679,-1.1447,0.13066,0.148,0.8802,1.001,12004,SYNTHETIC_TOY_SIMULATOR
228,F2,cartservice,2,-0.9198,1,40,5,0,0.5723,9,0,0.13028,0.9533,-1.056,0.10731,0.109,0.8816,1.001,12040,SYNTHETIC_TOY_SIMULATOR
229,F2,cartservice,1,-0.6546,1,80,6,0,0.4096,10,0,0.13013,0.885,-1.2725,0.08631,0.148,0.8832,1.001,12080,SYNTHETIC_TOY_SIMULATOR
230,NULL,,,-0.265,0,,7,1,0.0,11,0,0.13079,0.9786,-1.1605,0.10626,0.188,0.885,1.001,12124,SYNTHETIC_TOY_SIMULATOR
231,F3,currencyservice,,-2.3475,1,40,7,0,2.0,9,1,0.13025,0.935,-1.4605,0.0887,0.109,0.8864,1.001,12160,SYNTHETIC_TOY_SIMULATOR
232,F2,cartservice,2,-3.7377,1,260,11,0,3.2402,19,0,0.1304,0.9439,-1.107,0.18785,0.086,0.8894,1.001,12236,SYNTHETIC_TOY_SIMULATOR
233,F2,currencyservice,1,-1.6724,1,140,7,0,1.3874,12,0,0.13055,0.9719,-1.1048,0.06884,0.141,0.8914,1.001,12284,SYNTHETIC_TOY_SIMULATOR
234,NULL,,,-0.3525,0,,7,1,0.0,11,0,0.12997,0.9725,-0.9492,0.07747,0.109,0.8931,1.001,12328,SYNTHETIC_TOY_SIMULATOR
235,F1,productcatalogservice,300ms,-0.8293,1,120,6,0,0.5718,12,0,0.1295,0.9556,-1.2741,0.09245,0.148,0.895,1.001,12376,SYNTHETIC_TOY_SIMULATOR
236,F3,cartservice,,-3.5025,1,60,8,0,3.0,10,0,0.13001,0.9605,-1.1259,0.13233,0.117,0.8966,1.001,12416,SYNTHETIC_TOY_SIMULATOR
237,F1,productcatalogservice,1s,-1.4648,1,40,7,0,1.1798,10,2,0.13053,0.9596,-0.965,0.11243,0.102,0.8982,1.001,12456,SYNTHETIC_TOY_SIMULATOR
238,F4,frontend,3.0,-3.1341,1,60,7,0,2.7766,11,0,0.13101,0.8527,-1.0149,0.04246,0.133,0.9,1.001,12500,SYNTHETIC_TOY_SIMULATOR
239,F4,frontend,3.0,-2.2272,1,40,7,0,1.9072,9,0,0.13119,1.0016,-1.1388,0.10019,0.133,0.9014,1.001,12536,SYNTHETIC_TOY_SIMULATOR
240,F1,productcatalogservice,600ms,-1.0857,1,100,6,0,0.8407,12,0,0.13133,0.9457,-1.0603,0.03934,0.148,0.9034,1.001,12584,SYNTHETIC_TOY_SIMULATOR
241,F3,cartservice,,-3.205,1,60,6,0,3.0,8,0,0.13148,0.9515,-0.9272,0.14955,0.102,0.9046,1.001,12616,SYNTHETIC_TOY_SIMULATOR
242,F1,productcatalogservice,300ms,-0.8249,1,60,6,0,0.4249,9,1,0.13086,1.061,-1.0205,0.07303,0.109,0.9061,1.001,12652,SYNTHETIC_TOY_SIMULATOR
243,F4,frontend,2.5,-1.9343,1,60,6,0,1.6293,8,0,0.13026,0.9106,-1.2213,0.07667,0.148,0.9074,1.001,12684,SYNTHETIC_TOY_SIMULATOR
244,F2,currencyservice,1,-0.6244,1,80,7,0,0.1219,12,0,0.12906,1.048,-1.1042,0.05371,0.141,0.9093,1.001,12732,SYNTHETIC_TOY_SIMULATOR
245,F2,currencyservice,2,-0.5128,1,20,8,0,0.2003,9,0,0.12769,1.0359,-1.0342,0.11577,0.125,0.9107,1.001,12768,SYNTHETIC_TOY_SIMULATOR
246,F3,currencyservice,,-2.325,1,40,8,0,2.0,9,0,0.12707,0.9875,-1.1717,0.09125,0.172,0.9122,1.001,12804,SYNTHETIC_TOY_SIMULATOR
247,F2,currencyservice,2,-1.2233,1,40,7,0,0.8508,9,0,0.12732,0.9213,-1.2775,0.08338,0.094,0.9136,1.001,12840,SYNTHETIC_TOY_SIMULATOR
248,NULL,,,-0.49,0,,7,1,0.0,11,0,0.12664,0.9688,-0.9681,0.04757,0.102,0.9154,1.001,12884,SYNTHETIC_TOY_SIMULATOR
249,F4,frontend,2.5,-2.5356,1,80,5,0,2.2706,9,0,0.12634,0.9593,-1.1259,0.08976,0.141,0.9168,1.001,12920,SYNTHETIC_TOY_SIMULATOR
250,F2,cartservice,1,-1.7626,0,,12,0,1.1428,23,0,0.1244,0.9606,-1.0329,0.08495,0.125,0.9205,1.001,13012,SYNTHETIC_TOY_SIMULATOR
251,F4,frontend,2.5,-1.2493,1,40,5,0,0.9968,9,0,0.12364,0.9463,-1.0884,0.08205,0.125,0.9219,1.001,13048,SYNTHETIC_TOY_SIMULATOR
252,F1,productcatalogservice,600ms,-1.2288,1,60,4,0,1.0763,9,0,0.123,0.9588,-0.9223,0.07409,0.102,0.9234,1.001,13084,SYNTHETIC_TOY_SIMULATOR
253,F2,cartservice,2,-2.9908,0,,14,0,1.9983,24,0,0.12362,0.9084,-0.8705,0.06086,0.141,0.9272,1.001,13180,SYNTHETIC_TOY_SIMULATOR
254,F3,cartservice,,-2.22,1,40,6,0,2.0,7,0,0.12383,0.8463,-1.2274,0.09359,0.125,0.9283,1.001,13208,SYNTHETIC_TOY_SIMULATOR
255,F3,cartservice,,-2.11,1,40,3,0,2.0,7,0,0.12426,0.9166,-1.1296,0.07546,0.141,0.9294,1.001,13236,SYNTHETIC_TOY_SIMULATOR
256,F1,productcatalogservice,1s,-1.4047,1,40,8,0,1.0922,9,0,0.12439,1.0272,-1.1963,0.13945,0.148,0.9309,1.001,13272,SYNTHETIC_TOY_SIMULATOR
257,F1,productcatalogservice,300ms,-0.7378,1,80,6,0,0.4578,9,0,0.12357,0.9455,-1.125,0.06107,0.086,0.9323,1.001,13308,SYNTHETIC_TOY_SIMULATOR
258,F3,cartservice,,-3.26,1,60,6,0,3.0,11,0,0.1234,0.9732,-0.9703,0.08944,0.133,0.9341,1.001,13352,SYNTHETIC_TOY_SIMULATOR
259,F1,productcatalogservice,300ms,-0.8459,1,80,8,0,0.5159,11,0,0.12401,1.0279,-0.945,0.06842,0.156,0.9358,1.001,13396,SYNTHETIC_TOY_SIMULATOR
260,F2,cartservice,2,-1.5471,1,80,7,0,1.2671,11,0,0.12465,0.8811,-0.9061,0.09531,0.125,0.9376,1.001,13440,SYNTHETIC_TOY_SIMULATOR
261,F3,cartservice,,-3.22,1,60,6,0,3.0,8,0,0.12504,0.9713,-1.0743,0.06794,0.148,0.9389,1.001,13472,SYNTHETIC_TOY_SIMULATOR
262,F3,cartservice,,-2.1893,1,40,5,0,2.0,8,0,0.12489,1.043,-1.0946,0.0816,0.125,0.9402,1.001,13504,SYNTHETIC_TOY_SIMULATOR
263,NULL,,,-0.4175,0,,10,1,0.0,10,1,0.12496,0.8669,-1.0682,0.05089,0.102,0.9418,1.001,13544,SYNTHETIC_TOY_SIMULATOR
264,NULL,,,-0.4575,0,,9,1,0.0,12,1,0.12593,0.9725,-1.2469,0.07421,0.125,0.9437,1.001,13592,SYNTHETIC_TOY_SIMULATOR
265,F2,currencyservice,2,-0.8388,1,40,5,0,0.6338,10,0,0.12593,0.9897,-1.1704,0.04189,0.133,0.9453,1.001,13632,SYNTHETIC_TOY_SIMULATOR
266,F1,productcatalogservice,600ms,-1.0952,1,40,7,0,0.8177,10,0,0.12607,0.9389,-0.9657,0.06667,0.125,0.9469,1.001,13672,SYNTHETIC_TOY_SIMULATOR
267,NULL,,,-0.39,0,,7,1,0.0,10,0,0.12627,0.9811,-1.093,0.02309,0.102,0.9485,1.001,13712,SYNTHETIC_TOY_SIMULATOR
268,F3,cartservice,,-3.315,1,60,6,0,3.0,11,0,0.12565,0.9453,-1.1866,0.09456,0.117,0.9502,1.001,13756,SYNTHETIC_TOY_SIMULATOR
269,F4,frontend,3.0,-3.1538,1,60,7,0,2.8213,10,0,0.12563,0.9326,-1.0535,0.07214,0.125,0.9518,1.001,13796,SYNTHETIC_TOY_SIMULATOR
270,F4,frontend,3.0,-3.1145,1,60,5,0,2.8545,9,0,0.12557,0.9649,-0.9972,0.1084,0.172,0.9533,1.001,13832,SYNTHETIC_TOY_SIMULATOR
271,F2,currencyservice,2,-2.2487,1,100,11,0,1.5362,13,0,0.12574,0.943,-1.0898,0.1049,0.117,0.9554,1.001,13884,SYNTHETIC_TOY_SIMULATOR
272,F3,currencyservice,,-4.3125,1,80,8,0,4.0,11,0,0.1258,0.9954,-1.1474,0.09107,0.086,0.9571,1.001,13928,SYNTHETIC_TOY_SIMULATOR
273,F2,currencyservice,2,-2.5423,1,140,9,0,2.1773,12,0,0.12568,1.0205,-1.1656,0.08574,0.164,0.959,1.001,13976,SYNTHETIC_TOY_SIMULATOR
274,F3,cartservice,,-3.4225,1,60,7,0,3.0,10,0,0.12547,0.9544,-1.1071,0.10371,0.102,0.9606,1.001,14016,SYNTHETIC_TOY_SIMULATOR
275,F4,frontend,3.0,-0.365,1,20,5,0,0.0,8,0,0.12586,0.9975,-0.9642,0.08423,0.125,0.9619,1.001,14048,SYNTHETIC_TOY_SIMULATOR
276,NULL,,,-0.3125,0,,8,1,0.0,11,1,0.12652,0.9782,-1.1273,0.07939,0.133,0.9637,1.001,14092,SYNTHETIC_TOY_SIMULATOR
277,F2,currencyservice,2,-0.821,1,40,7,0,0.541,10,0,0.12668,0.9711,-1.0245,0.06127,0.133,0.9653,1.001,14132,SYNTHETIC_TOY_SIMULATOR
278,F4,frontend,3.0,-2.3725,1,40,8,0,2.0,9,0,0.12619,0.972,-1.0622,0.07467,0.094,0.9667,1.001,14168,SYNTHETIC_TOY_SIMULATOR
279,F3,currencyservice,,-2.28,1,40,7,0,2.0,9,0,0.12634,0.9097,-1.1635,0.06944,0.086,0.9682,1.001,14204,SYNTHETIC_TOY_SIMULATOR
280,F1,productcatalogservice,300ms,-0.9203,1,60,6,0,0.5328,8,0,0.12611,1.0225,-0.8582,0.05399,0.125,0.9694,1.001,14236,SYNTHETIC_TOY_SIMULATOR
281,F2,currencyservice,2,-1.0317,1,20,5,0,0.7342,6,0,0.12559,0.9705,-1.0187,0.04656,0.141,0.9704,1.001,14260,SYNTHETIC_TOY_SIMULATOR
282,F2,currencyservice,1,-0.5356,1,40,5,0,0.2556,8,0,0.12544,0.8849,-0.9714,0.03561,0.102,0.9717,1.001,14292,SYNTHETIC_TOY_SIMULATOR
283,F4,frontend,2.5,-0.3525,1,20,5,0,0.0,8,0,0.12581,0.9581,-1.2072,0.10801,0.164,0.973,1.001,14324,SYNTHETIC_TOY_SIMULATOR
284,F1,productcatalogservice,1s,-2.3447,1,60,7,0,1.8997,10,0,0.12617,0.9858,-1.0976,0.10493,0.141,0.9746,1.001,14364,SYNTHETIC_TOY_SIMULATOR
285,NULL,,,-0.285,0,,7,1,0.0,10,0,0.1266,0.9291,-1.1954,0.04914,0.102,0.9762,1.001,14404,SYNTHETIC_TOY_SIMULATOR
286,F1,productcatalogservice,1s,-1.479,1,40,6,0,1.179,7,0,0.12654,1.0233,-1.0311,0.07497,0.102,0.9773,1.001,14432,SYNTHETIC_TOY_SIMULATOR
287,F2,cartservice,2,-4.5337,0,,15,0,3.8212,23,0,0.12654,0.9177,-1.1415,0.04915,0.156,0.981,1.001,14524,SYNTHETIC_TOY_SIMULATOR
288,F2,currencyservice,2,-1.6295,1,100,7,0,1.352,11,0,0.12628,1.0016,-1.099,0.04222,0.125,0.9827,1.001,14568,SYNTHETIC_TOY_SIMULATOR
289,F3,cartservice,,-3.2125,1,60,6,0,3.0,10,0,0.1263,0.9393,-0.9806,0.05849,0.117,0.9843,1.001,14608,SYNTHETIC_TOY_SIMULATOR
290,F1,productcatalogservice,600ms,-1.4062,1,60,7,0,1.1337,10,0,0.12633,0.9363,-1.0539,0.1231,0.203,0.9859,1.001,14648,SYNTHETIC_TOY_SIMULATOR
291,F2,currencyservice,2,-3.5526,0,,10,0,3.0751,21,1,0.12613,0.9938,-1.191,0.06359,0.125,0.9893,1.001,14732,SYNTHETIC_TOY_SIMULATOR
292,F4,frontend,3.0,-4.2609,1,140,7,0,3.8234,13,0,0.12707,0.9598,-1.0785,0.07212,0.102,0.9914,1.001,14784,SYNTHETIC_TOY_SIMULATOR
293,F4,frontend,2.5,-0.3075,1,20,4,0,0.0,9,0,0.12787,0.8588,-0.9944,0.05716,0.172,0.9928,1.001,14820,SYNTHETIC_TOY_SIMULATOR
294,F2,cartservice,1,-1.8128,1,300,16,0,0.7253,22,0,0.12845,0.96,-1.1351,0.05218,0.148,0.9963,1.001,14908,SYNTHETIC_TOY_SIMULATOR
295,F2,currencyservice,1,-0.8727,1,40,5,0,0.6877,7,0,0.12848,0.9723,-1.029,0.07557,0.234,0.9974,1.001,14936,SYNTHETIC_TOY_SIMULATOR
296,F4,frontend,2.5,-1.4159,1,40,7,0,1.0959,8,0,0.12884,0.8621,-1.0484,0.05831,0.172,0.9987,1.001,14968,SYNTHETIC_TOY_SIMULATOR
297,F3,cartservice,,-3.29,1,60,5,0,3.0,9,0,0.12893,0.9756,-1.1174,0.05183,0.109,1.0,1.001,15004,SYNTHETIC_TOY_SIMULATOR
298,F2,cartservice,1,-0.275,1,20,6,0,0.0,9,0,0.12833,0.865,-0.9986,0.07721,0.109,1.0,1.001,15040,SYNTHETIC_TOY_SIMULATOR
299,F2,currencyservice,1,-0.1525,1,20,4,0,0.0,9,0,0.12923,0.9824,-1.0177,0.0759,0.133,1.0,1.001,15076,SYNTHETIC_TOY_SIMULATOR
300,F1,productcatalogservice,300ms,-0.614,1,40,6,0,0.374,9,0,0.12907,0.9769,-1.0236,0.05332,0.141,1.0,1.001,15112,SYNTHETIC_TOY_SIMULATOR
